drfCode,drfName,healthCenterCode,healthCenterName,healthCenterDescription,healthCenterEmail,healthCenterPhone
4,ELBASAN,0820741,Elbasan - QSH. Nr. 4 Elbasan,Elbasan => QSH. Nr. 4 Elbasan,N/A,N/A
4,ELBASAN,1020293,Gramsh - QSH Gramsh,Gramsh => QSH Gramsh,N/A,N/A
4,ELBASAN,1030298,Kodovjat - Tunje,Gramsh => Kodovjat,N/A,N/A
4,ELBASAN,1030299,Gramsh - Skenderbegas,Gramsh => Skenderbegas,N/A,N/A
4,ELBASAN,1030302,Kushove - Sult,Gramsh => Kushove,N/A,N/A
4,ELBASAN,1030304,Qsh Kukur- Lenie,Gramsh => Kukur,N/A,N/A
4,ELBASAN,1030305,Gramsh - Porocan,Gramsh => Porocan,N/A,N/A
4,ELBASAN,1030308,Gramsh - Pishaj,Gramsh => Pishaj,N/A,N/A
6,GJIROKASTER,1120483,Gjirokaster - Q.SH Gjirokaster,Gjirokaster => Q.SH Gjirokaster,N/A,N/A
6,GJIROKASTER,1120485,QSH Libohove,Gjirokaster => QSH Bashki Libohove,N/A,N/A
6,GJIROKASTER,1130488,Gjirokaster - Lunxheri - Antigone,Gjirokaster => Lunxheri,N/A,N/A
6,GJIROKASTER,1130490,Gjirokaster - Lazarat,Gjirokaster => Lazarat,N/A,N/A
6,GJIROKASTER,1130492,QSH Picar + Cepo + Odrie,Gjirokaster => Picar,N/A,N/A
6,GJIROKASTER,1130493,Gjirokaster - Dropulli i poshtem,Gjirokaster => Dropulli i poshtem,N/A,N/A
6,GJIROKASTER,1130494,Gjirokaster - Dropulli i siperm,Gjirokaster => Dropulli i siperm,N/A,N/A
6,GJIROKASTER,1130495,Gjirokaster - Pogon - Zagori,Gjirokaster => Pogon,N/A,N/A
8,KUKES,1220289,Has - Krume,Has => Krume,N/A,N/A
8,KUKES,1230290,Has - Golaj,Has => Golaj,N/A,N/A
8,KUKES,1230291,Fajza + Gjinaj,Has => Fajza,N/A,N/A
17,KAVAJE,1310114,Kavaje - QSH Kavaje,Kavaje => QSH Kavaje,N/A,N/A
17,KAVAJE,1310115,Kavaje - Rrogozhine,Kavaje => Rrogozhine,N/A,N/A
17,KAVAJE,1340116,Kavaje - Gose,Kavaje => Gose,N/A,N/A
17,KAVAJE,1340119,Kavaje - Lekaj,Kavaje => Lekaj,N/A,N/A
17,KAVAJE,1340122,Kavaje - Luz i Vogel,Kavaje => Luz i Vogel,N/A,N/A
17,KAVAJE,1340125,Kavaje - Kryevidh,Kavaje => Kryevidh,N/A,N/A
17,KAVAJE,1340129,Kavaje - Golem Kavaje,Kavaje => Golem Kavaje,N/A,N/A
17,KAVAJE,1340136,Kavaje - Synej,Kavaje => Synej,N/A,N/A
17,KAVAJE,1340140,Kavaje - Helmes,Kavaje => Helmes,N/A,N/A
17,KAVAJE,1340145,Kavaje - Sinaballaj,Kavaje => Sinaballaj,N/A,N/A
17,KAVAJE,1350720,QSH IEVP Rrogozhine - Durres,QSH IEVP Rrogozhine - Durres,N/A,N/A
17,KAVAJE,1350721,QSH IEVP Kavaje - Durres,QSH IEVP Kavaje - Durres,N/A,N/A
7,KORCE,1410257,Kolonje - Q.SH ERSEKE,Kolonje => Q.SH ERSEKE,N/A,N/A
7,KORCE,1410258,Kolonje - LESKOVIK,Kolonje => LESKOVIK,N/A,N/A
7,KORCE,1430259,Kolonje - Qender Kolonje,Kolonje => Qender Kolonje,N/A,N/A
7,KORCE,1430261,Kolonje - BARMASH,Kolonje => BARMASH,N/A,N/A
7,KORCE,1430262,Kolonje - Clirim + Mollas,Kolonje => CLIRIM Kolonje,N/A,N/A
7,KORCE,1440798,Kolonje - NOVOSELE Kolonje,Kolonje => NOVOSELE Kolonje,N/A,N/A
7,KORCE,1520572,Korce - QSH Nr. 1 Korce,Korce => QSH Nr. 1 Korce,N/A,N/A
7,KORCE,1520573,Korce - QSH Nr. 2 Korce,Korce => QSH Nr. 2 Korce,N/A,N/A
7,KORCE,1520575,Korce - QSH Nr. 3 Korce,Korce => QSH Nr. 3 Korce,N/A,N/A
7,KORCE,1520577,Korce - QSH Nr. 4 Korce,Korce => QSH Nr. 4 Korce,N/A,N/A
7,KORCE,1530579,Korce - MALIQ,Korce => MALIQ,N/A,N/A
7,KORCE,1530580,Korce - BULGAREC,Korce => BULGAREC,N/A,N/A
7,KORCE,1530582,Korce - LIBONIK,Korce => LIBONIK,N/A,N/A
7,KORCE,1530584,Korce - PIRG,Korce => PIRG,N/A,N/A
7,KORCE,1530585,Korce - DRENOVE ,Korce => DRENOVE ,N/A,N/A
7,KORCE,1530586,Korce - Mollaj,Korce => Mollaj,N/A,N/A
7,KORCE,1530587,Korce - VOSKOP,Korce => VOSKOP,N/A,N/A
7,KORCE,1530588,Voskopoje - Lekas,Korce => VOSKOPOJE,N/A,N/A
7,KORCE,1530589,Korce - VRESHTAS,Korce => VRESHTAS,N/A,N/A
7,KORCE,1530591,Korce - POJAN,Korce => POJAN,N/A,N/A
7,KORCE,1530594,Korce - LIQENAS,Korce => LIQENAS,N/A,N/A
7,KORCE,1530596,Korce - GORE,Korce => GORE,N/A,N/A
7,KORCE,1530597,Korce - MOGLICE,Korce => MOGLICE,N/A,N/A
7,KORCE,1530598,Korce - VITHKUQ,Korce => VITHKUQ,N/A,N/A
7,KORCE,1550600,QSH IEVP Korce,QSH IEVP Korce,N/A,N/A
7,KORCE,1580803,Korce - Kujdesi Shendetesor Familjar,Korce => Kujdesi Shendetesor Familjar,N/A,N/A
3,DURRES,1610030,Kruje  - QSh Krujë+Cudhi,Kruje => QSh Krujë+Cudhi,N/A,N/A
3,DURRES,1610031,Kruje - Fushe Kruje,Kruje => Fushe Kruje,N/A,N/A
3,DURRES,1610033,Kruje - Nikel,Kruje => Nikel,N/A,N/A
3,DURRES,1630034,Kruje - K. Thumane,Kruje => K. Thumane,N/A,N/A
3,DURRES,1630035,Kruje - Bubq,Kruje => Bubq,N/A,N/A
3,DURRES,1650038,QSH IEVP Zahari Kruje - Durres,QSH IEVP Zahari Kruje - Durres,N/A,N/A
3,DURRES,1650039,QSH IEVP Fush-Kruje - Durres,QSH IEVP Fush-Kruje - Durres,N/A,N/A
1,BERAT,1720744,Kucove - QSH Kucove,Ku¿¿ove => QSH Kucove,N/A,N/A
1,BERAT,1730088,Kucove - Kozare,Kucove => Kozare,N/A,N/A
1,BERAT,1730089,Kucove - Perondi,Ku¿¿ove => Perondi,N/A,N/A
8,KUKES,1810273,Kukes - QSH Kukes,Kukes => QSH Kukes,N/A,N/A
8,KUKES,1830275,Kukes - Malzi,Kukes => Malzi,N/A,N/A
8,KUKES,1830276,Kukes - Bicaj,Kukes => Bicaj,N/A,N/A
8,KUKES,1830277,Kukes - Ujmisht,Kukes => Ujmisht,N/A,N/A
8,KUKES,1830278,Kukes - Terthore,Kukes => Terthore,N/A,N/A
8,KUKES,1830279,Kukes - Shtiqen,Kukes => Shtiqen,N/A,N/A
8,KUKES,1830280,Kukes - Zapod+Orgjost,Kukes => Zapod+Orgjost,N/A,N/A
8,KUKES,1830281,Kukes - Shishtavec,Kukes => Shishtavec,N/A,N/A
8,KUKES,1830282,Kukes - Topojan,Kukes => Topojan,N/A,N/A
8,KUKES,1830283,Bushtrice + Kalis,Kukes => Bushtrice,N/A,N/A
8,KUKES,1830284,Kukes - Surroj+Arren,Kukes => Surroj+Arren,N/A,N/A
8,KUKES,1830286,Kukes - Kolsh Kukes,Kukes => Kolsh Kukes,N/A,N/A
8,KUKES,1830288,Kukes - Caje,Kukes => Caje,N/A,N/A
8,KUKES,1850290,Kukes - IEVP Kukes,Kukes => IEVP Kukes,N/A,N/A
9,LEZHE,1910159,Lac - QSH Lac,Lac => QSH Lac,N/A,N/A
9,LEZHE,1910161,Lac - Mamurras,Lac => Mamurras,N/A,N/A
9,LEZHE,1920163,Lac - Milot,Lac => Milot,N/A,N/A
9,LEZHE,1920165,Lac - Fushe Kuqe,Lac => Fushe Kuqe,N/A,N/A
9,LEZHE,2010146,Lezhe - QSH Lezhe,Lezhe => QSH Lezhe,N/A,N/A
9,LEZHE,2020152,Lezhe - Shengjin,Lezhe => Shengjin,N/A,N/A
9,LEZHE,2030151,Lezhe - Balldren i ri,Lezhe => Balldren i ri,N/A,N/A
9,LEZHE,2030153,Lezhe - Zejmen,Lezhe => Zejmen,N/A,N/A
9,LEZHE,2030154,Lezhe - Kolsh Lezhe,Lezhe => Kolsh Lezhe,N/A,N/A
9,LEZHE,2030155,Lezhe - Shenkoll,Lezhe => Shenkoll,N/A,N/A
9,LEZHE,2030156,Kallmet+Ungrej,Lezhe => Kallmet+Ungrej,N/A,N/A
9,LEZHE,2030157,Lezhe - Blinisht,Lezhe => Blinisht,N/A,N/A
9,LEZHE,2030159,Lezhe - Dajc Lezhe,Lezhe => Dajc Lezhe,N/A,N/A
9,LEZHE,2050938,IEVP Sh. Kolle Lezhe,IEVP Sh. Kolle Lezhe,N/A,N/A
4,ELBASAN,2120263,Librazhd - QSH Librazhd,Librazhd => QSH Librazhd,N/A,N/A
4,ELBASAN,2130264,Librazhd - Qukes,Librazhd => Qukes,N/A,N/A
4,ELBASAN,2130265,Librazhd - Stravaj,Librazhd => Stravaj,N/A,N/A
4,ELBASAN,2130266,Librazhd - Hotolisht,Librazhd => Hotolisht,N/A,N/A
4,ELBASAN,2130267,Librazhd - Polis,Librazhd => Polis,N/A,N/A
4,ELBASAN,2130268,Librazhd - Rrajce,Librazhd => Rrajce,N/A,N/A
4,ELBASAN,2130269,QSh Lunik-Stebleve,Librazhd => Lunik,N/A,N/A
4,ELBASAN,2130270,Librazhd - Orenje,Librazhd => Orenje,N/A,N/A
4,ELBASAN,2130271,Librazhd - Prenjas,Librazhd => Prenjas,N/A,N/A
4,ELBASAN,2130702,Librazhd - Qender Librazhd,Librazhd => Qender Librazhd,N/A,N/A
1,BERAT,220497,Berat - QSH Nr. 2 Berat,Berat => QSH Nr. 2 Berat,N/A,N/A
1,BERAT,220500,Berat - QSH Nr. 1 Berat,N/A,N/A,N/A
1,BERAT,220502,Berat - QSH Nr. 3 Berat,Berat => QSH Nr. 3 Berat,N/A,N/A
1,BERAT,220514,Berat - Ura vajgurore,Berat => Ura vajgurore,N/A,N/A
19,LUSHNJE,2220543,Lushnje - QSH Nr. 2  Lushnje,Lushnje => QSH Nr. 2  Lushnje,N/A,N/A
19,LUSHNJE,2220547,Lushnje - QSH Nr. 1  Lushnje,Lushnje => QSH Nr. 1  Lushnje,N/A,N/A
19,LUSHNJE,2220550,Lushnje - Divjake,Lushnje => Divjake,N/A,N/A
19,LUSHNJE,2230552,Lushnje - Karbunare,Lushnje => Karbunare,N/A,N/A
19,LUSHNJE,2230554,Lushnje - Ballagat,Lushnje => Ballagat,N/A,N/A
19,LUSHNJE,2230555,Lushnje - Hysgjokaj,Lushnje => Hysgjokaj,N/A,N/A
19,LUSHNJE,2230556,Lushnje - Golem Lushnje,Lushnje => Golem Lushnje,N/A,N/A
19,LUSHNJE,2230557,Lushnje - Fiershegan,Lushnje => Fiershegan,N/A,N/A
19,LUSHNJE,2230559,Lushnje - Allkaj,Lushnje => Allkaj,N/A,N/A
19,LUSHNJE,2230560,Lushnje - Krutje,Lushnje => Krutje,N/A,N/A
19,LUSHNJE,2230561,Lushnje - Bubullime,Lushnje => Bubullime,N/A,N/A
19,LUSHNJE,2230562,Lushnje - Kolonje,Lushnje => Kolonje,N/A,N/A
19,LUSHNJE,2230563,Lushnje - Gradisht,Lushnje => Gradisht,N/A,N/A
19,LUSHNJE,2230564,Lushnje - Rremas,Lushnje => Rremas,N/A,N/A
19,LUSHNJE,2230565,Lushnje - Grabian,Lushnje => Grabian,N/A,N/A
19,LUSHNJE,2230566,Lushnje - Terbuf,Lushnje => Terbuf,N/A,N/A
19,LUSHNJE,2230567,Lushnje - Dushk,Lushnje => Dushk,N/A,N/A
19,LUSHNJE,2250568,Lushnje - IEVP Lushnje,Lushnje => IEVP Lushnje,N/A,N/A
1,BERAT,230504,Berat - Otllak,Berat => Otllak,N/A,N/A
1,BERAT,230505,Berat - Kutalli,Berat => Kutalli,N/A,N/A
1,BERAT,230506,Berat - Lumas,Berat => Lumas,N/A,N/A
1,BERAT,230507,Berat - Velabisht,Berat => Velabisht,N/A,N/A
1,BERAT,230508,Berat - Poshnje,Berat => Poshnje,N/A,N/A
1,BERAT,230509,Berat - Sinje,Berat => Sinje,N/A,N/A
1,BERAT,230510,Berat - Vertop,Berat => Vertop,N/A,N/A
1,BERAT,230511,Berat - Terpan,Berat => Terpan,N/A,N/A
1,BERAT,230512,Berat - Roshnik,Berat => Roshnik,N/A,N/A
1,BERAT,230513,Berat - Cukalat,Berat => Cukalat,N/A,N/A
10,SHKODER,2320533,Koplik - Qender,Malesi e Madhe => QSH Koplik,N/A,N/A
10,SHKODER,2330530,Malesi e Madhe - Deda/Shkrel,Malesi e Madhe => Deda/Shkrel,N/A,N/A
10,SHKODER,2330535,Malesi e Madhe - Gruemire,Malesi e Madhe => Gruemire,N/A,N/A
10,SHKODER,2330538,Malesi e Madhe - Bajze/Kastrat,Malesi e Madhe => Bajze/Kastrat,N/A,N/A
10,SHKODER,2330539,Malesi e Madhe - Tamara/Kelmend,Malesi e Madhe => Tamara/Kelmend,N/A,N/A
10,SHKODER,2350782,IEVP Reç,IEVP Reç,N/A,N/A
5,FIER,2410248,Mallakaster - QSH Ballsh+Greshice,Mallakaster => QSH Ballsh+Greshice,N/A,N/A
5,FIER,2430249,Mallakaster - Dukas,Mallakaster => Dukas,N/A,N/A
5,FIER,2430250,Mallakaster - Aranitas+Ngracan,Mallakaster => Aranitas+Ngracan,N/A,N/A
5,FIER,2430251,Mallakaster - Hekal,Mallakaster => Hekal,N/A,N/A
5,FIER,2430252,Mallakaster - Ngracan,Mallakaster => Ngracan,N/A,N/A
5,FIER,2430253,Mallakaster - Greshice,Mallakaster => Greshice,N/A,N/A
5,FIER,2430254,Mallakaster - Kute,Mallakaster => Kute,N/A,N/A
5,FIER,2430255,Mallakaster - Fratar+Kute+Selite,Mallakaster => Fratar+Kute+Selite,N/A,N/A
5,FIER,2430256,Mallakaster - Selite Mallakaster,Mallakaster => Selite Mallakaster,N/A,N/A
1,BERAT,250743,IEVP Berat,IEVP Berat,N/A,N/A
2,DIBER,2510789,Mat - QSH Burrel,Mat => QSH Burrel,N/A,N/A
2,DIBER,2530071,Mat - Klos+Xiber Mat,Mat => Klos+Xiber Mat,N/A,N/A
2,DIBER,2530074,Mat - Komsi,Mat => Komsi,N/A,N/A
2,DIBER,2530075,Suc + Gurrë,Mat => Suc,N/A,N/A
2,DIBER,2530077,Lis + Macukull,Mat => Lis,N/A,N/A
2,DIBER,2530078,Baze - Ulez,Mat => Ulez - Ulez,N/A,N/A
2,DIBER,2530080,Mat - Xiberr,Mat => Xiberr,N/A,N/A
2,DIBER,2530082,Rukaj + Derjan,Mat => Rukaj,N/A,N/A
2,DIBER,2550790,Mat - IEVP Burrel,Mat => IEVP Burrel,N/A,N/A
9,LEZHE,2620515,Mirdite - QSH Rreshen,Mirdite => QSH Rreshen,N/A,N/A
9,LEZHE,2620516,Mirdite - Rubik,Mirdite => Rubik,N/A,N/A
9,LEZHE,2630519,Orosh + Kacinar,Mirdite => Orosh,N/A,N/A
9,LEZHE,2630522,Mirdite - Fane,Mirdite => Fane,N/A,N/A
9,LEZHE,2630525,Kthelle + Kurbnesh,Mirdite => Kthelle,N/A,N/A
4,ELBASAN,2720038,Peqin - Karine,Peqin => QSH Peqin,N/A,N/A
4,ELBASAN,2730041,Peqin - Perparim,Peqin => Perparim,N/A,N/A
4,ELBASAN,2730042,Peqin - Pajove,Peqin => Pajove,N/A,N/A
4,ELBASAN,2730044,Peqin - Sheze,Peqin => Sheze,N/A,N/A
4,ELBASAN,2730046,Peqin - Gjocaj,Peqin => Gjocaj,N/A,N/A
4,ELBASAN,2750747,IEVP Peqin,IEVP Peqin,N/A,N/A
6,GJIROKASTER,2810055,Permet - Q.SH Permet,Permet => Q.SH Permet,N/A,N/A
6,GJIROKASTER,2820056,Permet - Kelcyre+Dishnice,Permet => Kelcyre+Dishnice,N/A,N/A
6,GJIROKASTER,2830058,Petran-Çarçovë,Permet => Petran,N/A,N/A
6,GJIROKASTER,2830060,Piskove - Frasher,Permet => Piskove,N/A,N/A
6,GJIROKASTER,2830061,Permet - Deshnice,Permet => Deshnice,N/A,N/A
6,GJIROKASTER,2830064,Suke - Ballaban,Permet => Suka,N/A,N/A
18,POGRADEC,2910047,Pogradec - QSH POGRADEC,Pogradec => QSH POGRADEC,N/A,N/A
18,POGRADEC,2930048,Pogradec - HUDENISHT,Pogradec => HUDENISHT,N/A,N/A
18,POGRADEC,2930049,Pogradec - BUCIMAS,Pogradec => BUCIMAS,N/A,N/A
18,POGRADEC,2930050,Pogradec - CERRAVE,Pogradec => CERRAVE,N/A,N/A
18,POGRADEC,2930051,Pogradec - DARDHAS,Pogradec => DARDHAS,N/A,N/A
18,POGRADEC,2930052,Pogradec - TREBINJE,Pogradec => TREBINJE,N/A,N/A
18,POGRADEC,2930053,Pogradec - PROPTISHT,Pogradec => PROPTISHT,N/A,N/A
18,POGRADEC,2930054,Pogradec - VELCAN,Pogradec => VELCAN,N/A,N/A
7,KORCE,2950055,IEVP Pojske,IEVP Pojske,,
10,SHKODER,3020309,QSH Puke-Rrape,Puke => Puke,N/A,N/A
10,SHKODER,3020310,Puke - Fushe Arrez,Puke => Fushe Arrez,N/A,N/A
10,SHKODER,3020661,Velipoj,Velipoj,N/A,N/A
10,SHKODER,3030311,Puke - Qafe Mali,Puke => Qafe Mali,N/A,N/A
10,SHKODER,3030313,Puke - Gjegjan,Puke => Gjegjan,N/A,N/A
10,SHKODER,3030314,QSH Iballe + Blerim,Puke => Iballe,N/A,N/A
10,SHKODER,3030315,Puke - Luf,Puke => Luf,N/A,N/A
10,SHKODER,3030317,Puke - Fierze Puke,Puke => Fierze Puke,N/A,N/A
10,SHKODER,3030318,Puke - Qelez,Puke => Qelez,N/A,N/A
2,DIBER,310788,Bulqize - QSH Bulqize,Bulqize => QSH Bulqize,N/A,N/A
13,SARANDE,3110465,Sarande - QSH Saranda,Sarande => QSH Saranda,N/A,N/A
13,SARANDE,3120467,Sarande - Konispol,Sarande => Konispol,N/A,N/A
13,SARANDE,3130111,Sarande - lukove,Sarande => lukove,N/A,N/A
13,SARANDE,3130468,Sarande - Ksamil,Sarande => Ksamil,N/A,N/A
13,SARANDE,3130469,Sarande - Xarre,Sarande => Xarre,N/A,N/A
13,SARANDE,3130470,Sarande - Markat,Sarande => Markat,N/A,N/A
13,SARANDE,3130471,Sarande - Livadhja,Sarande => Livadhja,N/A,N/A
13,SARANDE,3130473,Sarande - Aliko,Sarande => Aliko,N/A,N/A
13,SARANDE,3130690,Sarande - Dhiver,Sarande => Dhiver,N/A,N/A
1,BERAT,3220455,Skrapar - QSH Corovode,Skrapar => QSH Corovode,N/A,N/A
1,BERAT,3220456,Skrapar - Polican,Skrapar => Polican,N/A,N/A
1,BERAT,3230459,Skrapar - Bogove + Vendresh,Skrapar => Bogove + Vendresh,N/A,N/A
1,BERAT,3230462,Skrapar - Qender + Leshnje + Potom,Skrapar => Qender + Leshnje + Potom,N/A,N/A
2,DIBER,330347,Bulqize - Zerqan,Bulqize => Zerqan,N/A,N/A
2,DIBER,330348,Bulqize - Shupenze,Bulqize => Shupenze,N/A,N/A
2,DIBER,330349,Bulqize - Gjorice,Bulqize => Gjorice,N/A,N/A
2,DIBER,330350,Bulqize - Martanesh,Bulqize => Martanesh,N/A,N/A
2,DIBER,330351,Bulqize - Fush-Bulqize,Bulqize => Fush-Bulqize,N/A,N/A
10,SHKODER,3320615,Shkoder - QSH Nr. 1 Shkoder,Shkoder => QSH Nr. 1 Shkoder,N/A,N/A
10,SHKODER,3320622,Shkoder - QSH Nr. 4 Shkoder,Shkoder => QSH Nr. 4 Shkoder,N/A,N/A
10,SHKODER,3320627,Shkoder - QSH Nr. 3 Shkoder,Shkoder => QSH Nr. 3 Shkoder,N/A,N/A
10,SHKODER,3320630,Shkoder - QSH Nr. 2 Shkoder,Shkoder => QSH Nr. 2 Shkoder,N/A,N/A
10,SHKODER,3320635,Shkoder - Postribe,Shkoder => Postribe,N/A,N/A
10,SHKODER,3320639,Shkoder - Pult,Shkoder => Pult,N/A,N/A
10,SHKODER,3320641,Shkoder - Guri zi,Shkoder => Guri zi,N/A,N/A
10,SHKODER,3320645,Shkoder - Hajmel,Shkoder => Hajmel,N/A,N/A
10,SHKODER,3320647,Shkoder - Vau-Dejes,Shkoder => Vau-Dejes,N/A,N/A
10,SHKODER,3320651,Shkoder - Bushat,Shkoder => Bushat,N/A,N/A
10,SHKODER,3320654,Shkoder - Barbullush,Shkoder => Barbullush,N/A,N/A
10,SHKODER,3320658,Shkoder - Berdice,Shkoder => Berdice,N/A,N/A
10,SHKODER,3320661,Shkoder - Velipoje,Shkoder => Velipoje,N/A,N/A
10,SHKODER,3320662,Shkoder - Dajc Shkoder,Shkoder => Dajc Shkoder,N/A,N/A
10,SHKODER,3330794,Shkoder - Oblike/Ana e malit,Shkoder => Oblike/Ana e malit,N/A,N/A
10,SHKODER,3330797,Shkoder - Shllak,Shkoder => Shllak,N/A,N/A
10,SHKODER,3340777,Shkoder - Koman/Temal,Shkoder => Koman/Temal,N/A,N/A
10,SHKODER,3340782,Shkoder - Vig Mnel,Shkoder => Vig Mnel,N/A,N/A
10,SHKODER,3340793,QSH Shalë - Shosh,Shkoder => Shale (B. Lumi),N/A,N/A
10,SHKODER,3340796,Shkoder - Rrethinat,Shkoder => Rrethinat,N/A,N/A
2,DIBER,340346,Ostren + Trebisht,Bulqize => Ostren,N/A,N/A
6,GJIROKASTER,3410674,Tepelene - Kurvelesh,Tepelene => Q.SH Tepelene,N/A,N/A
6,GJIROKASTER,3410675,Tepelene - Memaliaj,Tepelene => Memaliaj,N/A,N/A
6,GJIROKASTER,3430677,Tepelene - Krahez - Qesarat,Tepelene => Krahez,N/A,N/A
6,GJIROKASTER,3430684,Qender Tepelene - Lopes,Tepelene => Qender Tepelene,N/A,N/A
6,GJIROKASTER,3430687,Buz + Luftinje,Tepelene => Buz,N/A,N/A
6,GJIROKASTER,3450689,IEVP Tepelene,IEVP Tepelene,N/A,N/A
11,TIRANE,3510422,Tirane - Poliklinika 1,Tirane => Poliklinika 1,N/A,N/A
11,TIRANE,3510423,Tirane - Poliklinika 2,Tirane => Poliklinika 2,N/A,N/A
11,TIRANE,3510424,Tirane - Poliklinika 3,Tirane => Poliklinika 3,N/A,N/A
11,TIRANE,3510425,Tirane - Poliklinika 4,Tirane => Poliklinika 4,N/A,N/A
11,TIRANE,3510426,Tirane - Poliklinika 5,Tirane => Poliklinika 5,N/A,N/A
11,TIRANE,3510427,Tirane - Poliklinika 6,Tirane => Poliklinika 6,N/A,N/A
11,TIRANE,3510428,Tirane - Poliklinika 7,Tirane => Poliklinika 7,N/A,N/A
11,TIRANE,3510429,Tirane - Poliklinika 8,Tirane => Poliklinika 8,N/A,N/A
11,TIRANE,3510430,Tirane - Poliklinika 9,Tirane => Poliklinika 9,N/A,N/A
11,TIRANE,3510431,Tirane - Qendra e Mjekesise Familjare nr 10,Tirane => Qendra e Mjekesise Familjare nr 10,N/A,N/A
11,TIRANE,3510748,Tirane - Don Bosko,Tirane => Don Bosko,N/A,N/A
16,KAMEZ - VORE,3520439,Kamez-Vore - Kamez,Kamez-Vore => Kamez,N/A,N/A
11,TIRANE,3520440,Tirane - Kashar,Tirane => Kashar,N/A,N/A
11,TIRANE,3520441,Tirane - Krrabe,Tirane => Krrabe,N/A,N/A
11,TIRANE,3520449,Tirane - Q. Studenti,Tirane => Q. Studenti,N/A,N/A
16,KAMEZ - VORE,3520451,Kamez-Vore - Vore,Kamez-Vore => Vore,N/A,N/A
11,TIRANE,3520740,Tirane - Selite,Tirane => Selite,N/A,N/A
11,TIRANE,3530435,Tirane - Baldushk,Tirane => Baldushk,N/A,N/A
16,KAMEZ - VORE,3530436,Kamez-Vore - Berxulle,Kamez-Vore => Berxulle,N/A,N/A
11,TIRANE,3530437,Tirane - Berzhite,Tirane => Berzhite,N/A,N/A
11,TIRANE,3530438,Tirane - Dajt,Tirane => Dajt,N/A,N/A
11,TIRANE,3530442,Tirane - Ndroq,Tirane => Ndroq,N/A,N/A
16,KAMEZ - VORE,3530443,Kamez-Vore - Paskuqan,Kamez-Vore => Paskuqan,N/A,N/A
11,TIRANE,3530444,Tirane - Petrele,Tirane => Petrele,N/A,N/A
11,TIRANE,3530445,Tirane - Peze,Tirane => Peze,N/A,N/A
16,KAMEZ - VORE,3530446,Kamez-Vore - Preze,Kamez-Vore => Preze,N/A,N/A
11,TIRANE,3530447,Tirane - Sauk,Tirane => Sauk,N/A,N/A
11,TIRANE,3530448,Tirane - Shengjergj,Tirane => Shengjergj,N/A,N/A
11,TIRANE,3530450,Tirane - Vaqarr,Tirane => Vaqarr,N/A,N/A
11,TIRANE,3530452,Tirane - Zallbastar,Tirane => Zallbastar,N/A,N/A
11,TIRANE,3530453,Tirane - Zallherr,Tirane => Zallherr,N/A,N/A
11,TIRANE,3530730,Tirane - Shkoze,Tirane => Shkoze,N/A,N/A
16,KAMEZ - VORE,3530731,Kamez-Vore - K. Kamez,Kamez-Vore => K. Kamez,N/A,N/A
16,KAMEZ - VORE,3530732,Kamez-Vore - Bregu i Lumit,Kamez-Vore => Bregu i Lumit,N/A,N/A
16,KAMEZ - VORE,3530733,Kamez-Vore - Bathore,Kamez-Vore => Bathore,N/A,N/A
11,TIRANE,3530735,Tirane - Farke,Tirane => Farke,N/A,N/A
11,TIRANE,3550742,IEVP Ali Demi - Tiranë,IEVP Ali Demi - Tiranë,N/A,N/A
11,TIRANE,3550744,IEVP Mine Peza - Tiranë,IEVP Mine Peza - Tiranë,N/A,N/A
11,TIRANE,3550745,IEVP Vaqarr - Tiranë,IEVP Vaqarr - Tiranë,N/A,N/A
11,TIRANE,3550746,IEVP Jordan Misja,IEVP Jordan Misja,,
14,TROPOJE,3610803,Tropoje - QSH B.Curri,Tropoje => QSH B.Curri,N/A,N/A
14,TROPOJE,3630093,Tropoje - Tropoje,Tropoje => Tropoje,N/A,N/A
14,TROPOJE,3630094,Tropoje - Bytyc,Tropoje => Bytyc,N/A,N/A
14,TROPOJE,3630095,Tropoje - Lekbibaj,Tropoje => Lekbibaj,N/A,N/A
14,TROPOJE,3630096,Tropoje - Fierze Tropoje,Tropoje => Fierze Tropoje,N/A,N/A
14,TROPOJE,3630097,Tropoje - Margegaj,Tropoje => Margegaj,N/A,N/A
14,TROPOJE,3630098,Tropoje - Bujan,Tropoje => Bujan,N/A,N/A
14,TROPOJE,3630099,Tropoje - Llugaj,Tropoje => Llugaj,N/A,N/A
14,TROPOJE,3650804,IEVP Tropoje,IEVP Tropoje,N/A,N/A
12,VLORE,3710187,Vlore - Selenice,Vlore => Selenice,N/A,N/A
12,VLORE,3710188,Vlore - Orikum,Vlore => Orikum,N/A,N/A
12,VLORE,3710189,Vlore - Himare,Vlore => Himare,N/A,N/A
12,VLORE,3720199,Vlore - QSH NR.1 Vlore,Vlore => QSH NR.1 Vlore,N/A,N/A
12,VLORE,3720200,Vlore - QSH Nr.2 Vlore,Vlore => QSH Nr.2 Vlore,N/A,N/A
12,VLORE,3720201,Vlore - QSH Nr.3 Vlore,Vlore => QSH Nr.3 Vlore,N/A,N/A
12,VLORE,3720202,Vlore - QSH Nr.4 Vlore,Vlore => QSH Nr.4 Vlore,N/A,N/A
12,VLORE,3720203,Vlore - QSH Nr.5 Vlore,Vlore => QSH Nr.5 Vlore,N/A,N/A
12,VLORE,3730190,Vlore - Brataj,Vlore => Brataj,N/A,N/A
12,VLORE,3730191,Vlore - Kote,Vlore => Kote,N/A,N/A
12,VLORE,3730192,Vlore - Shushice Vlore,Vlore => Shushice Vlore,N/A,N/A
12,VLORE,3730193,Vlore - Novosele Vlore,Vlore => Novosele Vlore,N/A,N/A
12,VLORE,3730194,Vlore - Vllahine,Vlore => Vllahine,N/A,N/A
12,VLORE,3730195,Vlore - Narte,Vlore => Narte,N/A,N/A
12,VLORE,3730196,Vlore - Vranisht,Vlore => Vranisht,N/A,N/A
12,VLORE,3730197,Vlore - Sevaster,Vlore => Sevaster,N/A,N/A
12,VLORE,3730198,Vlore - Armen,Vlore => Armen,N/A,N/A
12,VLORE,3750248,IEVP Vlore,IEVP Vlore,N/A,N/A
13,SARANDE,420474,Delvine - QSH DELVINE,Delvine => QSH DELVINE,N/A,N/A
13,SARANDE,430475,Delvine - Vergo,Delvine => Vergo,N/A,N/A
13,SARANDE,430476,Delvine - Finiq,Delvine => Finiq,N/A,N/A
13,SARANDE,430477,Delvine - Mesopotam,Delvine => Mesopotam,N/A,N/A
7,KORCE,520723,Devoll - Q.SH BILISHT,Devoll => Q.SH BILISHT,N/A,N/A
7,KORCE,530600,Devoll - Qender Devoll,Devoll => Qender Devoll,N/A,N/A
7,KORCE,530604,Devoll - HOCISHT,Devoll => HOCISHT,N/A,N/A
7,KORCE,530607,Devoll - PROGER,Devoll => PROGER,N/A,N/A
7,KORCE,530609,Devoll - MIRAS,Devoll => MIRAS,N/A,N/A
2,DIBER,610787,Diber - QSH Peshkopi,Diber => QSH Peshkopi,N/A,N/A
2,DIBER,630324,Diber - Tomin,Diber => Tomin,N/A,N/A
2,DIBER,630327,Diber - Kastriot,Diber => Kastriot,N/A,N/A
2,DIBER,630328,Diber - Maqellare,Diber => Maqellare,N/A,N/A
2,DIBER,630330,Diber - Melan,Diber => Melan,N/A,N/A
2,DIBER,630332,Diber - Luzni,Diber => Luzni,N/A,N/A
2,DIBER,630333,Diber - Muhurr,Diber => Muhurr,N/A,N/A
2,DIBER,630334,Diber - Selishte,Diber => Selishte,N/A,N/A
2,DIBER,630335,Diber - Zall-Rec,Diber => Zall-Rec,N/A,N/A
2,DIBER,630336,Diber - Sllove,Diber => Sllove,N/A,N/A
2,DIBER,630337,Diber - Lure,Diber => Lure,N/A,N/A
2,DIBER,630338,Diber - Arras,Diber => Arras,N/A,N/A
2,DIBER,630339,Diber - Kala e Dodes,Diber => Kala e Dodes,N/A,N/A
2,DIBER,630340,Diber - Cidhen,Diber => Cidhen,N/A,N/A
2,DIBER,630341,Diber - Zall-Dardhe,Diber => Zall-Dardhe,N/A,N/A
3,DURRES,710021,Durres - Shijak,Durres => Shijak,N/A,N/A
3,DURRES,710784,Durres - Poliklinika Ryder,Durres => Poliklinika Ryder,N/A,N/A
3,DURRES,720003,Durres - QSH Nr. 1 Durres,Durres => QSH Nr. 1 Durres,N/A,N/A
3,DURRES,720007,Durres - QSH Nr. 2 Durres,Durres => QSH Nr. 2 Durres,N/A,N/A
3,DURRES,720010,Durres - QSH Nr. 4 Durres,Durres => QSH Nr. 4 Durres,N/A,N/A
3,DURRES,720014,Durres - QSH Nr. 3 Durres,Durres => QSH Nr. 3 Durres,N/A,N/A
3,DURRES,720015,Durres - QSH Nr. 6 Durres,Durres => QSH Nr. 6 Durres,N/A,N/A
3,DURRES,720016,Durres - QSH Nr. 7 Durres,Durres => QSH Nr. 7 Durres,N/A,N/A
3,DURRES,720017,Durres - QSH Nr. 8 Durres,Durres => QSH Nr. 8 Durres,N/A,N/A
3,DURRES,720018,Durres - QSH Nr. 5 Durres,Durres => QSH Nr. 5 Durres,N/A,N/A
3,DURRES,720802,Durres - Kenete,Durres => Kenete,N/A,N/A
3,DURRES,730022,Durres - Sukth,Durres => Sukth,N/A,N/A
3,DURRES,730023,Durres - Manze,Durres => Manze,N/A,N/A
3,DURRES,730024,Durres - Rrashbull,Durres => Rrashbull,N/A,N/A
3,DURRES,730025,Durres - Xhafzotaj,Durres => Xhafzotaj,N/A,N/A
3,DURRES,730026,Durres - Katund i Ri,Durres => Katund i Ri,N/A,N/A
3,DURRES,730027,Durres - Gjepalaj,Durres => Gjepalaj,N/A,N/A
3,DURRES,730028,Durres - Maminas,Durres => Maminas,N/A,N/A
3,DURRES,730029,Durres - Ishem,Durres => Ishem,N/A,N/A
3,DURRES,750803,QSH IEVP - Durres,QSH IEVP - Durres,N/A,N/A
4,ELBASAN,820390,Elbasan - QSH Nr 1 Elbasan,Elbasan => QSH Nr 1 Elbasan,N/A,N/A
4,ELBASAN,820392,Elbasan - QSH Nr 2 Elbasan,Elbasan => QSH Nr 2 Elbasan,N/A,N/A
4,ELBASAN,820393,Elbasan - QSH Nr 3 Elbasan,Elbasan => QSH Nr 3 Elbasan,N/A,N/A
4,ELBASAN,820400,Elbasan - Cerrik,Elbasan => Cerrik,N/A,N/A
4,ELBASAN,820401,Elbasan - Belsh+Rrase,Elbasan => Belsh+Rrase,N/A,N/A
4,ELBASAN,820402,Elbasan - Paper,Elbasan => Paper,N/A,N/A
4,ELBASAN,820403,Elbasan - Gostime,Elbasan => Gostime,N/A,N/A
4,ELBASAN,830404,Elbasan - Labinot  Fushe,Elbasan => Labinot  Fushe,N/A,N/A
4,ELBASAN,830405,Elbasan - Labinot  Mal,Elbasan => Labinot  Mal,N/A,N/A
4,ELBASAN,830406,Elbasan - Mollas Elbasan,Elbasan => Mollas Elbasan,N/A,N/A
4,ELBASAN,830407,Elbasan - Shushice,Elbasan => Shushice,N/A,N/A
4,ELBASAN,830408,Elbasan - Shales,Elbasan => Shales,N/A,N/A
4,ELBASAN,830409,Elbasan - Gjergjan,Elbasan => Gjergjan,N/A,N/A
4,ELBASAN,830410,Elbasan - Kajan,Elbasan => Kajan,N/A,N/A
4,ELBASAN,830411,Elbasan - Grekan,Elbasan => Grekan,N/A,N/A
4,ELBASAN,830412,Elbasan - Funar,Elbasan => Funar,N/A,N/A
4,ELBASAN,830413,Elbasan - Rrase,Elbasan => Rrase,N/A,N/A
4,ELBASAN,830414,Elbasan - Shirgjan,Elbasan => Shirgjan,N/A,N/A
4,ELBASAN,830415,Elbasan - Tregan,Elbasan => Tregan,N/A,N/A
4,ELBASAN,830416,Elbasan - Bradashesh,Elbasan => Bradashesh,N/A,N/A
4,ELBASAN,830417,Elbasan - Gracen,Elbasan => Gracen,N/A,N/A
4,ELBASAN,830418,Elbasan - Fierze Elbasan,Elbasan => Fierze Elbasan,N/A,N/A
4,ELBASAN,830419,Elbasan - Klos Elbasan,Elbasan => Klos Elbasan,N/A,N/A
4,ELBASAN,830700,Qsh Gjinar-Zavaline,Elbasan => Gjinar,N/A,N/A
4,ELBASAN,850743,Elbasan - IEVP Elbasan,Elbasan => IEVP Elbasan,N/A,N/A
5,FIER,910352,Fier - QSH Nr. 1 Fier,Fier => QSH Nr. 1 Fier,N/A,N/A
5,FIER,910353,Fier - Patos+Ruzhdije,Fier => Patos+Ruzhdije,N/A,N/A
5,FIER,910354,Fier - Roskovec,Fier => Roskovec,N/A,N/A
5,FIER,920359,Fier - QSH Nr. 3 Fier,Fier => QSH Nr. 3 Fier,N/A,N/A
5,FIER,920360,Fier - QSH Nr. 2 Fier,Fier => QSH Nr. 2 Fier,N/A,N/A
5,FIER,930365,Fier - Frakull,Fier => Frakull,N/A,N/A
5,FIER,930367,Fier - Portez,Fier => Portez,N/A,N/A
5,FIER,930368,Fier - Clirim,Fier => Clirim,N/A,N/A
5,FIER,930370,Fier - Zharrez,Fier => Zharrez,N/A,N/A
5,FIER,930372,Fier - Kurjan,Fier => Kurjan,N/A,N/A
5,FIER,930374,Fier - Ruzhdie,Fier => Ruzhdie,N/A,N/A
5,FIER,930375,Fier - Kuman,Fier => Kuman,N/A,N/A
5,FIER,930378,Fier - Levan,Fier => Levan,N/A,N/A
5,FIER,930380,Fier - Mbrostar,Fier => Mbrostar,N/A,N/A
5,FIER,930381,Fier - Libofshe,Fier => Libofshe,N/A,N/A
5,FIER,930383,Fier - Topoje,Fier => Topoje,N/A,N/A
5,FIER,930385,Fier - Dermenas,Fier => Dermenas,N/A,N/A
5,FIER,930387,Fier - Strume,Fier => Strume,N/A,N/A
5,FIER,930389,Fier - Cakran,Fier => Cakran,N/A,N/A
5,FIER,950504,Fier - IEVP FIER,Fier => IEVP FIER,N/A,N/A
